k,silhouette,inertia
2,0.5388697343336017,1290509.1596128365
3,0.14883903299303758,1176388.2807064764
4,0.14859031909087317,1099719.9516137282
5,0.13033171412239267,1060916.2475903824
6,0.12913554661812252,994740.2817543168
