model,cv_folds,model_sample_size,accuracy_mean,accuracy_std,balanced_accuracy_mean,balanced_accuracy_std,precision_not_merged_mean,precision_not_merged_std,recall_not_merged_mean,recall_not_merged_std,f1_not_merged_mean,f1_not_merged_std,roc_auc_merged_mean,roc_auc_merged_std,average_precision_not_merged_mean,average_precision_not_merged_std
Random forest balanced,6,120000,0.8090541666666667,0.002649736622131848,0.6921889627909507,0.004013374143565149,0.29387283078949666,0.0048135683206166225,0.5429834678969626,0.007182157737185394,0.3813404788337041,0.0054126226628912685,0.7658940077021784,0.00499068883705472,0.3755883452798155,0.00513203262772169
Hist gradient boosting weighted,6,120000,0.7814833333333334,0.0024772296354328613,0.7033246980410052,0.004997580670193265,0.2714533742026807,0.003005794436475162,0.6035371011149557,0.01213534416029541,0.37445726459805456,0.004504910053784928,0.7692819652827939,0.0038331959253416945,0.3925815700773896,0.004586308499582531
Decision tree balanced,6,120000,0.7205291666666667,0.015557445296920288,0.6547387386134581,0.007179530719974933,0.21026350582327366,0.00972837456641038,0.5707420222991157,0.016235330608697054,0.3071124932206691,0.009589398240856343,0.7081688259209473,0.006549859136472542,0.3101716881162068,0.0071682715789995405
Logistic regression balanced,6,120000,0.63925,0.001805616238296452,0.6273803823902129,0.004604456384736016,0.1722970421311029,0.002005874700930449,0.6122260668973472,0.010560028567546353,0.268911803247189,0.003403271276445986,0.6748743058577316,0.007006508486821946,0.21733456422623684,0.004948270911905334
Dummy majority,6,120000,0.891625,0.0,0.5,0.0,0.0,0.0,0.0,0.0,0.0,0.0,0.5,0.0,0.108375,0.0
