model,cv_folds,model_sample_size,feature_policy,feature_count,source_rows,training_rows,validation_rows,training_scope,accuracy_mean,accuracy_std,balanced_accuracy_mean,balanced_accuracy_std,precision_not_merged_mean,precision_not_merged_std,recall_not_merged_mean,recall_not_merged_std,f1_not_merged_mean,f1_not_merged_std,roc_auc_merged_mean,roc_auc_merged_std,average_precision_not_merged_mean,average_precision_not_merged_std
Random forest balanced,6,120000,headline_leakage_safer_features,25,1045883,80000,40000,120000_row_repeated_cv_diagnostic,0.7765541666666667,0.0014319057813510932,0.6682391808346422,0.005388871572002915,0.2497637144595831,0.003802808908157756,0.5299500192233756,0.010976773042671877,0.33951138731019354,0.0057035733390487535,0.7394273142688544,0.00482615551503392,0.31452796693421387,0.007267159369336511
Hist gradient boosting weighted,6,120000,headline_leakage_safer_features,25,1045883,80000,40000,120000_row_repeated_cv_diagnostic,0.7353333333333333,0.007075055947953143,0.6742196018279158,0.0034236486122249127,0.22639767121628818,0.0045120735015309775,0.5961937716262976,0.009293590599583006,0.3281278395958687,0.004487359078169079,0.7386736700876352,0.004028348618968748,0.32586767224974716,0.011081642569925994
Decision tree balanced,6,120000,headline_leakage_safer_features,25,1045883,80000,40000,120000_row_repeated_cv_diagnostic,0.6695541666666666,0.01794261976877032,0.63115178877647,0.004255535250898944,0.18143378358787488,0.005631344611524691,0.5821222606689734,0.021307562768232795,0.2764788153223645,0.00512558387852762,0.6793435215876649,0.004825813827186594,0.25642727170881763,0.005335710008538713
Logistic regression balanced,6,120000,headline_leakage_safer_features,25,1045883,80000,40000,120000_row_repeated_cv_diagnostic,0.6216625,0.0019179253113716602,0.6138871061518952,0.004533355063088882,0.16327303357333958,0.0019203322704662944,0.6039600153787005,0.010558432718270885,0.25705217216222337,0.003281236672435639,0.6584350258797356,0.005722724878356092,0.20608476700361678,0.00270455238338061
Dummy majority,6,120000,headline_leakage_safer_features,25,1045883,80000,40000,120000_row_repeated_cv_diagnostic,0.891625,0.0,0.5,0.0,0.0,0.0,0.0,0.0,0.0,0.0,0.5,0.0,0.108375,0.0
