model,threshold_label,threshold_value,accuracy,balanced_accuracy,precision_not_merged,recall_not_merged,f1_not_merged,precision_merged,recall_merged,f1_merged,roc_auc_merged,average_precision_not_merged,tn_not_merged,fp_not_merged,fn_merged,tp_merged,actual_not_merged,predicted_not_merged,correct_not_merged,missed_not_merged,false_not_merged,correct_merged
Random forest balanced,default_model_threshold,,0.8110609350679299,0.6729241016473456,0.28520673813169983,0.4966929805845957,0.36234872952254954,0.9329893002556576,0.8491552227100956,0.8891004369570464,0.7355783097131158,0.3580880875704471,13968,14154,35007,197066,28122,48975,13968,14154,35007,197066
Random forest balanced,validation_tuned_not_merged_f1,0.583769167153315,0.8694517573358442,0.6488754331082854,0.3897563551331372,0.36747030794395846,0.37828537960319203,0.9238791343754948,0.9302805582726125,0.9270687959738403,0.7355783097131158,0.3580880875704471,10334,17788,16180,215893,28122,26514,10334,17788,16180,215893
