feature_policy,feature_count,model,threshold_label,threshold_value,accuracy,balanced_accuracy,precision_not_merged,recall_not_merged,f1_not_merged,precision_merged,recall_merged,f1_merged,roc_auc_merged,average_precision_not_merged,actual_not_merged_predicted_not_merged,actual_not_merged_predicted_merged,actual_merged_predicted_not_merged,actual_merged_predicted_merged,actual_not_merged,actual_merged,predicted_not_merged,predicted_merged,correct_not_merged,missed_not_merged,false_not_merged,correct_merged,benchmark,benchmark_scope,training_rows,validation_rows,validation_not_merged_rate,stress_test
headline_leakage_safer_features,25,Random forest balanced,default_model_threshold,,0.7561598032245047,0.650365992411142,0.22537007090434133,0.515397197923334,0.3136075470065128,0.9304278574455159,0.7853347868989499,0.8517464412229294,0.7108320516818514,0.30129812369755027,14494,13628,49818,182255,28122,232073,64312,195883,14494,13628,49818,182255,official_test,official_train_test_files,1045883,260195,10.808047810296129,
headline_leakage_safer_features,25,Random forest balanced,default_model_threshold,,0.833576,0.6095749779040404,0.19106195688974156,0.34365167969146454,0.24558476881233002,0.9397173698241951,0.8754982761166161,0.9064718444419467,0.6856089918380213,0.1971969374753172,3386,6467,14336,100811,9853,115147,17722,107278,3386,6467,14336,100811,temporal_holdout,500000_row_large_holdout,375000,125000,7.8824000000000005,temporal_holdout
headline_leakage_safer_features,25,Random forest balanced,default_model_threshold,,0.7439411810961705,0.639564138507339,0.22580250313657088,0.5039612074853163,0.31186999429428797,0.9231355367177827,0.7751670695293615,0.8427052589375854,0.7019039285677315,0.24878710854162672,7379,7263,25300,87228,14642,112528,32679,94491,7379,7263,25300,87228,project_holdout,500000_row_large_holdout,372830,127170,11.51372178973028,project_holdout
headline_leakage_safer_features,25,Random forest balanced,default_model_threshold,,0.7832679215058069,0.6497026054753974,0.23061017331478628,0.4819296040226273,0.3119485340859969,0.932886179275529,0.8174756069281676,0.8713760796299905,0.718083688983237,0.27627357423452853,6134,6594,20465,91657,12728,112122,26599,98251,6134,6594,20465,91657,creator_holdout,500000_row_large_holdout,375150,124850,10.194633560272326,creator_holdout
