feature_policy,feature_count,source_rows,training_scope,model,threshold_label,threshold_value,accuracy,balanced_accuracy,precision_not_merged,recall_not_merged,f1_not_merged,precision_merged,recall_merged,f1_merged,roc_auc_merged,average_precision_not_merged,actual_not_merged_predicted_not_merged,actual_not_merged_predicted_merged,actual_merged_predicted_not_merged,actual_merged_predicted_merged,actual_not_merged,actual_merged,predicted_not_merged,predicted_merged,correct_not_merged,missed_not_merged,false_not_merged,correct_merged,stress_test,training_rows,validation_rows,validation_not_merged_rate
headline_leakage_safer_features,25,1045883,220000_row_generalization_stress_diagnostic,Random forest balanced,default_model_threshold,,0.7764909090909091,0.6838231086672902,0.2578399877619703,0.5655091427612816,0.35418965064355135,0.9382244907694509,0.8021370745732989,0.8648601110317155,0.7561311035238708,0.3408436563859425,3371,2590,9703,39336,5961,49039,13074,41926,3371,2590,9703,39336,random_stratified_sample,165000,55000,10.838181818181813
headline_leakage_safer_features,25,1045883,220000_row_generalization_stress_diagnostic,Random forest balanced,default_model_threshold,,0.8353818181818182,0.6101630434782609,0.19637265135699375,0.34204545454545454,0.2495026525198939,0.9388414737197904,0.8782806324110672,0.9075518706093776,0.6794795252425441,0.196300838346236,1505,2895,6159,44441,4400,50600,7664,47336,1505,2895,6159,44441,temporal_last_25pct_sample,165000,55000,7.9999999999999964
headline_leakage_safer_features,25,1045883,220000_row_generalization_stress_diagnostic,Random forest balanced,default_model_threshold,,0.7599048019039619,0.5927596455885825,0.18514304291287387,0.38144675150703283,0.24928868461370102,0.9176181980374666,0.8040725396701321,0.8571011956838729,0.6513682412188639,0.19316000648851975,2278,3694,10026,41146,5972,51172,12304,44840,2278,3694,10026,41146,project_group_holdout_sample,162856,57144,10.450790984180314
headline_leakage_safer_features,25,1045883,220000_row_generalization_stress_diagnostic,Random forest balanced,default_model_threshold,,0.7692861125600302,0.6414765589786212,0.22697630030221091,0.47877872840127494,0.3079579174534664,0.9277828138437579,0.8041743895559674,0.861567683657281,0.7002951153919068,0.2769912450106813,2854,3107,9720,39916,5961,49636,12574,43023,2854,3107,9720,39916,creator_group_holdout_sample,164403,55597,10.721801536054098
