feature_set,evaluation_split,excluded_timing_sensitive_features,model,threshold_label,threshold_value,accuracy,balanced_accuracy,precision_not_merged,recall_not_merged,f1_not_merged,precision_merged,recall_merged,f1_merged,roc_auc_merged,average_precision_not_merged,tn_not_merged,fp_not_merged,fn_merged,tp_merged,actual_not_merged,predicted_not_merged,correct_not_merged,missed_not_merged,false_not_merged,correct_merged
primary_safe_features,validation,,Random forest balanced,default_model_threshold,,0.8168461538461539,0.7040541270632024,0.3093874990196847,0.5600511073253833,0.3985855013892397,0.9406878600547379,0.8480571468010215,0.8919740483644117,0.7844526121639439,0.40557323452787464,3945,3099,8806,49150,7044,12751,3945,3099,8806,49150
strict_features,validation,"open_pr_num, pr_succ_rate, requester_succ_rate, test_churn",Random forest balanced,default_model_threshold,,0.8137692307692308,0.6989615014292109,0.30296659658958186,0.5523850085178875,0.39131090662241663,0.9395479034453669,0.8455379943405342,0.890067476138149,0.7767944143061162,0.39574339447837675,3891,3153,8952,49004,7044,12843,3891,3153,8952,49004
primary_safe_features,test,,Random forest balanced,default_model_threshold,,0.8110609350679299,0.6729241016473456,0.28520673813169983,0.4966929805845957,0.36234872952254954,0.9329893002556576,0.8491552227100956,0.8891004369570464,0.7355783097131158,0.3580880875704471,13968,14154,35007,197066,28122,48975,13968,14154,35007,197066
strict_features,test,"open_pr_num, pr_succ_rate, requester_succ_rate, test_churn",Random forest balanced,default_model_threshold,,0.8062414727415976,0.6673942080145256,0.2764754246295145,0.49025673849655077,0.35356268191668055,0.9318445475638051,0.8445316775325006,0.8860423009893739,0.7295851805350224,0.353933177206139,13787,14335,36080,195993,28122,49867,13787,14335,36080,195993
