model,threshold_label,threshold_value,accuracy,balanced_accuracy,precision_not_merged,recall_not_merged,f1_not_merged,precision_merged,recall_merged,f1_merged,roc_auc_merged,average_precision_not_merged,tn_not_merged,fp_not_merged,fn_merged,tp_merged,actual_not_merged,predicted_not_merged,correct_not_merged,missed_not_merged,false_not_merged,correct_merged
Random forest balanced,default_model_threshold,,0.8168461538461539,0.7040541270632024,0.3093874990196847,0.5600511073253833,0.3985855013892397,0.9406878600547379,0.8480571468010215,0.8919740483644117,0.7844526121639439,0.40557323452787464,3945,3099,8806,49150,7044,12751,3945,3099,8806,49150
Hist gradient boosting weighted,default_model_threshold,,0.7749384615384616,0.7109205042623927,0.26943887166393093,0.6291879613855764,0.3773038777508194,0.9462009021441371,0.792653047139209,0.8626475255147549,0.7834339836671019,0.4123219750910154,4432,2612,12017,45939,7044,16449,4432,2612,12017,45939
Decision tree balanced,default_model_threshold,,0.7418,0.6662106284079536,0.22589361103292993,0.5697047132311187,0.323511628844371,0.9358314808934053,0.7627165435847885,0.8404521299350705,0.7275573457320165,0.34090403194589586,4013,3031,13752,44204,7044,17765,4013,3031,13752,44204
Logistic regression balanced,default_model_threshold,,0.6379076923076923,0.626470397229816,0.17163109270468302,0.6118682566723452,0.2680681676825476,0.9314580826313679,0.6410725377872869,0.7594538244552553,0.6735368724767177,0.21852275485722578,4310,2734,20802,37154,7044,25112,4310,2734,20802,37154
Dummy majority,default_model_threshold,,0.8916307692307692,0.5,0.0,0.0,0.0,0.8916307692307692,1.0,0.9427112137675266,0.5,0.10836923076923077,0,7044,0,57956,7044,0,0,7044,0,57956
