model,threshold_label,threshold_value,accuracy,balanced_accuracy,precision_not_merged,recall_not_merged,f1_not_merged,precision_merged,recall_merged,f1_merged,roc_auc_merged,average_precision_not_merged,tn_not_merged,fp_not_merged,fn_merged,tp_merged,actual_not_merged,predicted_not_merged,correct_not_merged,missed_not_merged,false_not_merged,correct_merged,requested_sample_size,actual_sample_size
Random forest balanced,default_model_threshold,,0.81452,0.6925044975833019,0.30066170388751035,0.5367294204503507,0.3854208084824387,0.937760365006943,0.8482795747162531,0.8907784713225768,0.7674757588718067,0.37658824080879144,1454,1255,3382,18909,2709,4836,1454,1255,3382,18909,100000,100000
Random forest balanced,default_model_threshold,,0.8178923076923077,0.7038301619011998,0.3106581338389824,0.5582055650198751,0.3991675549464494,0.9405460137936305,0.8494547587825246,0.8926826172494764,0.7831010194481085,0.4054659897203723,3932,3112,8725,49231,7044,12657,3932,3112,8725,49231,260000,260000
Random forest balanced,default_model_threshold,,0.822176,0.7145008009586804,0.32148879292617727,0.5770281243079649,0.4129206064127621,0.9430898346327655,0.8519734776093959,0.895219149798716,0.7947638623374493,0.42726378894536043,7817,5730,16498,94955,13547,24315,7817,5730,16498,94955,500000,500000
